{
	"credit": "Made with Blockbench",
	"texture_size": [64, 64],
	"textures": {
		"0": "minecraft:item/dragonslayer",
		"particle": "minecraft:item/dragonslayer"
	},
	"elements": [
		{
			"from": [7.5, -6.5, 7],
			"to": [8.5, 1.5, 8],
			"rotation": {"angle": 0, "axis": "y", "origin": [0, -7, 0]},
			"faces": {
				"north": {"uv": [3, 6.75, 3.25, 8.75], "texture": "#0"},
				"east": {"uv": [3.25, 6.75, 3.5, 8.75], "texture": "#0"},
				"south": {"uv": [3.5, 6.75, 3.75, 8.75], "texture": "#0"},
				"west": {"uv": [6.75, 3.5, 7, 5.5], "texture": "#0"},
				"up": {"uv": [8, 3, 7.75, 2.75], "texture": "#0"},
				"down": {"uv": [8, 3, 7.75, 3.25], "texture": "#0"}
			}
		},
		{
			"from": [3.5, -7.5, 7.5],
			"to": [7.5, -4.5, 7.5],
			"rotation": {"angle": 0, "axis": "y", "origin": [0, -7, 0]},
			"faces": {
				"north": {"uv": [6, 2, 7, 2.75], "texture": "#0"},
				"east": {"uv": [0, 0, 0, 0.75], "texture": "#0"},
				"south": {"uv": [6, 2.75, 7, 3.5], "texture": "#0"},
				"west": {"uv": [0, 0, 0, 0.75], "texture": "#0"},
				"up": {"uv": [1, 0, 0, 0], "texture": "#0"},
				"down": {"uv": [1, 0, 0, 0], "texture": "#0"}
			}
		},
		{
			"from": [6, 1.5, 6.7],
			"to": [10, 5.5, 9.3],
			"rotation": {"angle": 0, "axis": "y", "origin": [0, -7, 0]},
			"faces": {
				"north": {"uv": [6, 0, 7, 1], "texture": "#0"},
				"east": {"uv": [6, 3.5, 6.75, 4.5], "texture": "#0"},
				"south": {"uv": [6, 1, 7, 2], "texture": "#0"},
				"west": {"uv": [6, 4.5, 6.75, 5.5], "texture": "#0"},
				"up": {"uv": [7, 6.25, 6, 5.5], "texture": "#0"},
				"down": {"uv": [7, 6.25, 6, 7], "texture": "#0"}
			}
		},
		{
			"from": [10, 1.5, 6.7],
			"to": [11, 4.5, 9.3],
			"rotation": {"angle": 0, "axis": "y", "origin": [0, -7, 0]},
			"faces": {
				"north": {"uv": [7.5, 1.5, 7.75, 2.25], "texture": "#0"},
				"east": {"uv": [0, 6.75, 0.75, 7.5], "texture": "#0"},
				"south": {"uv": [2, 7.5, 2.25, 8.25], "texture": "#0"},
				"west": {"uv": [0.75, 6.75, 1.5, 7.5], "texture": "#0"},
				"up": {"uv": [2.5, 8.25, 2.25, 7.5], "texture": "#0"},
				"down": {"uv": [7.75, 2.25, 7.5, 3], "texture": "#0"}
			}
		},
		{
			"from": [5, 1.5, 6.7],
			"to": [6, 4.5, 9.3],
			"rotation": {"angle": 0, "axis": "y", "origin": [0, -7, 0]},
			"faces": {
				"north": {"uv": [2.5, 7.5, 2.75, 8.25], "texture": "#0"},
				"east": {"uv": [1.5, 6.75, 2.25, 7.5], "texture": "#0"},
				"south": {"uv": [2.75, 7.5, 3, 8.25], "texture": "#0"},
				"west": {"uv": [2.25, 6.75, 3, 7.5], "texture": "#0"},
				"up": {"uv": [7.75, 7.25, 7.5, 6.5], "texture": "#0"},
				"down": {"uv": [7.75, 7.25, 7.5, 8], "texture": "#0"}
			}
		},
		{
			"from": [7, -9.5, 6.6],
			"to": [9, -6.5, 8.6],
			"rotation": {"angle": 0, "axis": "y", "origin": [0, -7, 0]},
			"faces": {
				"north": {"uv": [7, 0, 7.5, 0.75], "texture": "#0"},
				"east": {"uv": [7, 0.75, 7.5, 1.5], "texture": "#0"},
				"south": {"uv": [7, 1.5, 7.5, 2.25], "texture": "#0"},
				"west": {"uv": [7, 2.25, 7.5, 3], "texture": "#0"},
				"up": {"uv": [7.5, 7.25, 7, 6.75], "texture": "#0"},
				"down": {"uv": [7.75, 3, 7.25, 3.5], "texture": "#0"}
			}
		},
		{
			"from": [6, 2, 7],
			"to": [10, 29, 9],
			"rotation": {"angle": 0, "axis": "y", "origin": [0, -3, 0]},
			"faces": {
				"north": {"uv": [0, 0, 1, 6.75], "texture": "#0"},
				"east": {"uv": [2, 0, 2.5, 6.75], "texture": "#0"},
				"south": {"uv": [1, 0, 2, 6.75], "texture": "#0"},
				"west": {"uv": [2.5, 0, 3, 6.75], "texture": "#0"},
				"up": {"uv": [4.75, 7.25, 3.75, 6.75], "texture": "#0"},
				"down": {"uv": [5.75, 6.75, 4.75, 7.25], "texture": "#0"}
			}
		},
		{
			"from": [10, 2, 7.6],
			"to": [12, 29, 8.6],
			"rotation": {"angle": 0, "axis": "y", "origin": [0, -3, 0]},
			"faces": {
				"north": {"uv": [3, 0, 3.5, 6.75], "texture": "#0"},
				"east": {"uv": [5, 0, 5.25, 6.75], "texture": "#0"},
				"south": {"uv": [3.5, 0, 4, 6.75], "texture": "#0"},
				"west": {"uv": [5.25, 0, 5.5, 6.75], "texture": "#0"},
				"up": {"uv": [8.25, 1.75, 7.75, 1.5], "texture": "#0"},
				"down": {"uv": [8.25, 1.75, 7.75, 2], "texture": "#0"}
			}
		},
		{
			"from": [4, 2, 7.6],
			"to": [6, 29, 8.6],
			"rotation": {"angle": 0, "axis": "y", "origin": [0, -3, 0]},
			"faces": {
				"north": {"uv": [4, 0, 4.5, 6.75], "texture": "#0"},
				"east": {"uv": [5.5, 0, 5.75, 6.75], "texture": "#0"},
				"south": {"uv": [4.5, 0, 5, 6.75], "texture": "#0"},
				"west": {"uv": [5.75, 0, 6, 6.75], "texture": "#0"},
				"up": {"uv": [8.25, 2.25, 7.75, 2], "texture": "#0"},
				"down": {"uv": [8.25, 2.25, 7.75, 2.5], "texture": "#0"}
			}
		},
		{
			"from": [24.9, 13.7, 7],
			"to": [26.9, 15.7, 9],
			"rotation": {"angle": 45, "axis": "z", "origin": [0, 1, 0]},
			"faces": {
				"north": {"uv": [7.25, 3.5, 7.75, 4], "texture": "#0"},
				"east": {"uv": [3.75, 7.25, 4.25, 7.75], "texture": "#0"},
				"south": {"uv": [7.25, 4, 7.75, 4.5], "texture": "#0"},
				"west": {"uv": [4.25, 7.25, 4.75, 7.75], "texture": "#0"},
				"up": {"uv": [7.75, 5, 7.25, 4.5], "texture": "#0"},
				"down": {"uv": [5.25, 7.25, 4.75, 7.75], "texture": "#0"}
			}
		},
		{
			"from": [-15.6, 25.9, 7],
			"to": [-13.6, 27.9, 9],
			"rotation": {"angle": -45, "axis": "z", "origin": [0, 1, 0]},
			"faces": {
				"north": {"uv": [7.25, 5, 7.75, 5.5], "texture": "#0"},
				"east": {"uv": [5.25, 7.25, 5.75, 7.75], "texture": "#0"},
				"south": {"uv": [7.25, 5.5, 7.75, 6], "texture": "#0"},
				"west": {"uv": [7.25, 6, 7.75, 6.5], "texture": "#0"},
				"up": {"uv": [7.5, 7.75, 7, 7.25], "texture": "#0"},
				"down": {"uv": [0.5, 7.5, 0, 8], "texture": "#0"}
			}
		},
		{
			"from": [-15.6, 25.1, 7],
			"to": [-13.6, 27.1, 9],
			"rotation": {"angle": -45, "axis": "z", "origin": [0, 1, 0]},
			"faces": {
				"north": {"uv": [7.5, 0, 8, 0.5], "texture": "#0"},
				"east": {"uv": [0.5, 7.5, 1, 8], "texture": "#0"},
				"south": {"uv": [7.5, 0.5, 8, 1], "texture": "#0"},
				"west": {"uv": [1, 7.5, 1.5, 8], "texture": "#0"},
				"up": {"uv": [8, 1.5, 7.5, 1], "texture": "#0"},
				"down": {"uv": [2, 7.5, 1.5, 8], "texture": "#0"}
			}
		},
		{
			"from": [25, 13.1, 7.6],
			"to": [26.3, 18.1, 8.6],
			"rotation": {"angle": 45, "axis": "z", "origin": [0, 3.7, 0]},
			"faces": {
				"north": {"uv": [6, 7, 6.25, 8.25], "texture": "#0"},
				"east": {"uv": [6.25, 7, 6.5, 8.25], "texture": "#0"},
				"south": {"uv": [6.5, 7, 6.75, 8.25], "texture": "#0"},
				"west": {"uv": [6.75, 7, 7, 8.25], "texture": "#0"},
				"up": {"uv": [8, 3.5, 7.75, 3.25], "texture": "#0"},
				"down": {"uv": [8, 3.5, 7.75, 3.75], "texture": "#0"}
			}
		},
		{
			"from": [-15, 24.5, 7.6],
			"to": [-13.5, 30, 8.6],
			"rotation": {"angle": -45, "axis": "z", "origin": [0, 3.7, 0]},
			"faces": {
				"north": {"uv": [5.75, 6.75, 6, 8], "texture": "#0"},
				"east": {"uv": [7, 3, 7.25, 4.25], "texture": "#0"},
				"south": {"uv": [7, 4.25, 7.25, 5.5], "texture": "#0"},
				"west": {"uv": [7, 5.5, 7.25, 6.75], "texture": "#0"},
				"up": {"uv": [7.5, 6.75, 7.25, 6.5], "texture": "#0"},
				"down": {"uv": [8, 2.5, 7.75, 2.75], "texture": "#0"}
			}
		}
	],
	"display": {
		"thirdperson_righthand": {
			"rotation": [0, -88, 0],
			"translation": [0, 6.5, 1.25]
		},
		"thirdperson_lefthand": {
			"rotation": [0, -88, 0],
			"translation": [0, 6.5, 1.25]
		},
		"firstperson_righthand": {
			"rotation": [-5, 86, 25],
			"translation": [2, 0, 0]
		},
		"firstperson_lefthand": {
			"rotation": [-5, 86, 25],
			"translation": [2, 0, 0]
		},
		"ground": {
			"translation": [0, 15.75, 0]
		},
		"gui": {
			"rotation": [0, 0, -50],
			"scale": [0.7, 0.7, 0.7]
		},
		"head": {
			"translation": [0, 4, 0],
			"scale": [2, 2, 2]
		},
		"fixed": {
			"translation": [0, 0, -1]
		}
	}
}