{
	"credit": "Made with Blockbench",
	"elements": [
		{
			"from": [5, 6, 0],
			"to": [9, 10, 12],
			"rotation": {"angle": 0, "axis": "x", "origin": [7, 8, 8]},
			"color": 1,
			"faces": {
				"north": {"uv": [0, 0, 4, 4], "rotation": 180, "texture": "#missing"},
				"east": {"uv": [0, 0, 4, 12], "rotation": 90, "texture": "#missing"},
				"south": {"uv": [0, 0, 4, 4], "texture": "#missing"},
				"west": {"uv": [0, 0, 4, 12], "rotation": 270, "texture": "#missing"},
				"up": {"uv": [0, 0, 4, 12], "texture": "#missing"},
				"down": {"uv": [0, 0, 4, 12], "rotation": 180, "texture": "#missing"}
			}
		},
		{
			"name": "wrapping",
			"from": [4.5, 5.5, 2],
			"to": [9.6, 10.5, 5],
			"rotation": {"angle": 0, "axis": "x", "origin": [7, 8, 8]},
			"color": 1,
			"faces": {
				"north": {"uv": [0, 0, 4, 4], "rotation": 180, "texture": "#missing"},
				"east": {"uv": [0, 0, 4, 12], "rotation": 90, "texture": "#missing"},
				"south": {"uv": [0, 0, 4, 4], "texture": "#missing"},
				"west": {"uv": [0, 0, 4, 12], "rotation": 270, "texture": "#missing"},
				"up": {"uv": [0, 0, 4, 12], "texture": "#missing"},
				"down": {"uv": [0, 0, 4, 12], "rotation": 180, "texture": "#missing"}
			}
		},
		{
			"from": [8.5, 15, 8],
			"to": [9.5, 17, 10],
			"rotation": {"angle": 45, "axis": "x", "origin": [9.5, 20.75, -4.25]},
			"color": 1,
			"faces": {
				"north": {"uv": [0, 0, 4, 4], "rotation": 180, "texture": "#missing"},
				"east": {"uv": [0, 0, 4, 12], "rotation": 90, "texture": "#missing"},
				"south": {"uv": [0, 0, 4, 4], "texture": "#missing"},
				"west": {"uv": [0, 0, 4, 12], "rotation": 270, "texture": "#missing"},
				"up": {"uv": [0, 0, 4, 12], "texture": "#missing"},
				"down": {"uv": [0, 0, 4, 12], "rotation": 180, "texture": "#missing"}
			}
		},
		{
			"from": [8.5, 9, 2],
			"to": [9.5, 11, 4],
			"rotation": {"angle": 45, "axis": "x", "origin": [9.5, 20.75, -4.25]},
			"color": 1,
			"faces": {
				"north": {"uv": [0, 0, 4, 4], "rotation": 180, "texture": "#missing"},
				"east": {"uv": [0, 0, 4, 12], "rotation": 90, "texture": "#missing"},
				"south": {"uv": [0, 0, 4, 4], "texture": "#missing"},
				"west": {"uv": [0, 0, 4, 12], "rotation": 270, "texture": "#missing"},
				"up": {"uv": [0, 0, 4, 12], "texture": "#missing"},
				"down": {"uv": [0, 0, 4, 12], "rotation": 180, "texture": "#missing"}
			}
		},
		{
			"from": [8.5, 10, 4],
			"to": [9.5, 11, 5],
			"rotation": {"angle": 45, "axis": "x", "origin": [9.5, 20.75, -4.25]},
			"color": 1,
			"faces": {
				"north": {"uv": [0, 0, 4, 4], "rotation": 180, "texture": "#missing"},
				"east": {"uv": [0, 0, 4, 12], "rotation": 90, "texture": "#missing"},
				"south": {"uv": [0, 0, 4, 4], "texture": "#missing"},
				"west": {"uv": [0, 0, 4, 12], "rotation": 270, "texture": "#missing"},
				"up": {"uv": [0, 0, 4, 12], "texture": "#missing"},
				"down": {"uv": [0, 0, 4, 12], "rotation": 180, "texture": "#missing"}
			}
		},
		{
			"from": [8.5, 11, 3],
			"to": [9.5, 12, 4],
			"rotation": {"angle": 45, "axis": "x", "origin": [9.5, 20.75, -4.25]},
			"color": 1,
			"faces": {
				"north": {"uv": [0, 0, 4, 4], "rotation": 180, "texture": "#missing"},
				"east": {"uv": [0, 0, 4, 12], "rotation": 90, "texture": "#missing"},
				"south": {"uv": [0, 0, 4, 4], "texture": "#missing"},
				"west": {"uv": [0, 0, 4, 12], "rotation": 270, "texture": "#missing"},
				"up": {"uv": [0, 0, 4, 12], "texture": "#missing"},
				"down": {"uv": [0, 0, 4, 12], "rotation": 180, "texture": "#missing"}
			}
		},
		{
			"from": [8.5, 12, 6],
			"to": [9.5, 13, 7],
			"rotation": {"angle": 45, "axis": "x", "origin": [9.5, 20.75, -4.25]},
			"color": 1,
			"faces": {
				"north": {"uv": [0, 0, 4, 4], "rotation": 180, "texture": "#missing"},
				"east": {"uv": [0, 0, 4, 12], "rotation": 90, "texture": "#missing"},
				"south": {"uv": [0, 0, 4, 4], "texture": "#missing"},
				"west": {"uv": [0, 0, 4, 12], "rotation": 270, "texture": "#missing"},
				"up": {"uv": [0, 0, 4, 12], "texture": "#missing"},
				"down": {"uv": [0, 0, 4, 12], "rotation": 180, "texture": "#missing"}
			}
		},
		{
			"from": [8.5, 13, 5],
			"to": [9.5, 14, 6],
			"rotation": {"angle": 45, "axis": "x", "origin": [9.5, 20.75, -4.25]},
			"color": 1,
			"faces": {
				"north": {"uv": [0, 0, 4, 4], "rotation": 180, "texture": "#missing"},
				"east": {"uv": [0, 0, 4, 12], "rotation": 90, "texture": "#missing"},
				"south": {"uv": [0, 0, 4, 4], "texture": "#missing"},
				"west": {"uv": [0, 0, 4, 12], "rotation": 270, "texture": "#missing"},
				"up": {"uv": [0, 0, 4, 12], "texture": "#missing"},
				"down": {"uv": [0, 0, 4, 12], "rotation": 180, "texture": "#missing"}
			}
		},
		{
			"from": [8.5, 14, 8],
			"to": [9.5, 15, 9],
			"rotation": {"angle": 45, "axis": "x", "origin": [9.5, 20.75, -4.25]},
			"color": 1,
			"faces": {
				"north": {"uv": [0, 0, 4, 4], "rotation": 180, "texture": "#missing"},
				"east": {"uv": [0, 0, 4, 12], "rotation": 90, "texture": "#missing"},
				"south": {"uv": [0, 0, 4, 4], "texture": "#missing"},
				"west": {"uv": [0, 0, 4, 12], "rotation": 270, "texture": "#missing"},
				"up": {"uv": [0, 0, 4, 12], "texture": "#missing"},
				"down": {"uv": [0, 0, 4, 12], "rotation": 180, "texture": "#missing"}
			}
		},
		{
			"from": [8.5, 15, 7],
			"to": [9.5, 16, 8],
			"rotation": {"angle": 45, "axis": "x", "origin": [9.5, 20.75, -4.25]},
			"color": 1,
			"faces": {
				"north": {"uv": [0, 0, 4, 4], "rotation": 180, "texture": "#missing"},
				"east": {"uv": [0, 0, 4, 12], "rotation": 90, "texture": "#missing"},
				"south": {"uv": [0, 0, 4, 4], "texture": "#missing"},
				"west": {"uv": [0, 0, 4, 12], "rotation": 270, "texture": "#missing"},
				"up": {"uv": [0, 0, 4, 12], "texture": "#missing"},
				"down": {"uv": [0, 0, 4, 12], "rotation": 180, "texture": "#missing"}
			}
		},
		{
			"from": [8.5, 16, 10],
			"to": [9.5, 17, 11],
			"rotation": {"angle": 45, "axis": "x", "origin": [9.5, 20.75, -4.25]},
			"color": 1,
			"faces": {
				"north": {"uv": [0, 0, 4, 4], "rotation": 180, "texture": "#missing"},
				"east": {"uv": [0, 0, 4, 12], "rotation": 90, "texture": "#missing"},
				"south": {"uv": [0, 0, 4, 4], "texture": "#missing"},
				"west": {"uv": [0, 0, 4, 12], "rotation": 270, "texture": "#missing"},
				"up": {"uv": [0, 0, 4, 12], "texture": "#missing"},
				"down": {"uv": [0, 0, 4, 12], "rotation": 180, "texture": "#missing"}
			}
		},
		{
			"from": [8.5, 17, 9],
			"to": [9.5, 18, 10],
			"rotation": {"angle": 45, "axis": "x", "origin": [9.5, 20.75, -4.25]},
			"color": 1,
			"faces": {
				"north": {"uv": [0, 0, 4, 4], "rotation": 180, "texture": "#missing"},
				"east": {"uv": [0, 0, 4, 12], "rotation": 90, "texture": "#missing"},
				"south": {"uv": [0, 0, 4, 4], "texture": "#missing"},
				"west": {"uv": [0, 0, 4, 12], "rotation": 270, "texture": "#missing"},
				"up": {"uv": [0, 0, 4, 12], "texture": "#missing"},
				"down": {"uv": [0, 0, 4, 12], "rotation": 180, "texture": "#missing"}
			}
		},
		{
			"from": [8.5, 11, 4],
			"to": [9.5, 13, 6],
			"rotation": {"angle": 45, "axis": "x", "origin": [9.5, 20.75, -4.25]},
			"color": 1,
			"faces": {
				"north": {"uv": [0, 0, 4, 4], "rotation": 180, "texture": "#missing"},
				"east": {"uv": [0, 0, 4, 12], "rotation": 90, "texture": "#missing"},
				"south": {"uv": [0, 0, 4, 4], "texture": "#missing"},
				"west": {"uv": [0, 0, 4, 12], "rotation": 270, "texture": "#missing"},
				"up": {"uv": [0, 0, 4, 12], "texture": "#missing"},
				"down": {"uv": [0, 0, 4, 12], "rotation": 180, "texture": "#missing"}
			}
		},
		{
			"from": [8.5, 13, 6],
			"to": [9.5, 15, 8],
			"rotation": {"angle": 45, "axis": "x", "origin": [9.5, 20.75, -4.25]},
			"color": 1,
			"faces": {
				"north": {"uv": [0, 0, 4, 4], "rotation": 180, "texture": "#missing"},
				"east": {"uv": [0, 0, 4, 12], "rotation": 90, "texture": "#missing"},
				"south": {"uv": [0, 0, 4, 4], "texture": "#missing"},
				"west": {"uv": [0, 0, 4, 12], "rotation": 270, "texture": "#missing"},
				"up": {"uv": [0, 0, 4, 12], "texture": "#missing"},
				"down": {"uv": [0, 0, 4, 12], "rotation": 180, "texture": "#missing"}
			}
		}
	],
	"display": {
		"thirdperson_righthand": {
			"translation": [2, -2, 8]
		}
	},
	"groups": [
		0,
		1,
		{
			"name": "sword",
			"origin": [8, 8, 8],
			"color": 0,
			"children": [2, 3, 4, 5, 6, 7, 8, 9, 10, 11, 12, 13]
		}
	]
}