{
  "display": {
    "icon": {
      "item": "minecraft:nether_star"
    },
    "title": {
      "text": "Tech's Boredom",
      "color": "yellow"
    },
    "description": {
      "text": "This particular origin was made by Technope#4952. I'm an amateur don't hound me with questions",
      "color": "blue"
    },
    "frame": "task",
    "show_toast": true,
    "announce_to_chat": true,
    "hidden": false,
    "background": "minecraft:textures/block/black_glazed_terracotta.png"
  },
  "criteria": {
    "Spawn as duel_master": {
      "trigger": "minecraft:impossible"
    }
  }
}

