{
	"powers": [
		"jesus:heal",
		"jesus:white_skin",
		"jesus:lava_vision",
		"jesus:fire_immunity",
		"jesus:phasing",
                "jesus:trade",
		"jesus:glowing",
		"jesus:flight",
		"jesus:nether_travel",
                "jesus:end_travel",
                "jesus:walk_on_water",
		"jesus:raise_the_dead",
		"jesus:exhaustion",
		"jesus:make_food",
                "jesus:fall",
                "jesus:fragile",
                "jesus:noshield",
                "jesus:fisherman",
                "jesus:wine",
		"jesus:noarmor"
	],
	"icon": "minecraft:totem_of_undying",
	"order": 15,
	"impact": 3,
	"name": "Jesus",
	"description": "Jesus Christ, The Son of Man, Messiah, The Great I am"
}
