{
  "name": "§2Wrist-Mounted Crossbow",
  "description": "You are capable of firing arrows directly from your offhand.",

  "type": "origins:multiple",
  "shooting": {
    "type": "origins:fire_projectile",
    "entity_type": "minecraft:arrow",
    "cooldown": 4,
    "speed": 1.75,
    "sound": "minecraft:entity.arrow.shoot",
    "hud_render": {
      "should_render": false
    },
    "key": {
      "key": "key.use",
      "continuous": true
    },
    "condition": {
      "type": "origins:equipped_item",
      "equipment_slot": "offhand",
      "item_condition": {
        "type": "origins:ingredient",
        "ingredient": {
          "item": "minecraft:arrow"
        }
      }
    }
  },
  "arrow_consume": {
    "type": "origins:active_self",
    "key": {
      "key": "key.use",
      "continuous": true
    },
    "condition": {
      "type": "origins:equipped_item",
      "equipment_slot": "offhand",
      "item_condition": {
        "type": "origins:ingredient",
        "ingredient": {
          "item": "minecraft:arrow"
        }
      }
    },
    "entity_action":
        {
          "type": "origins:delay",
          "ticks": 0.5,
          "action": {
            "type": "origins:equipped_item_action",
            "equipment_slot": "offhand",
            "action": {
              "type": "origins:consume",
              "amount": 1
          }
        }
    },
    "cooldown": 4,
    "hud_render": {
      "should_render": true,
      "sprite_location": "origins:textures/gui/community/huang/resource_bar_01.png",
      "bar_index": 2
    }
  }
}
