{
  "type": "origins:multiple",

  "boots": {
    "type": "origins:action_on_callback",
    "entity_action_gained": {
      "type": "origins:execute_command",
      "command": "item replace entity @s armor.feet with netherite_boots{display:{Name:'[{\"text\":\"Berserker Boots\",\"italic\":false}]'},Enchantments:[{id:blast_protection,lvl:1},{id:binding_curse,lvl:1},{id:fire_protection,lvl:1},{id:projectile_protection,lvl:1},{id:protection,lvl:1},{id:unbreaking,lvl:10}],HideFlags:1} 1"
    },
    "entity_action_lost": {
      "type": "origins:execute_command",
      "command": "item replace entity @s armor.feet with minecraft:air"
    },
    "execute_chosen_when_orb": true
  },
  "leggings": {
    "type": "origins:action_on_callback",
    "entity_action_gained": {
      "type": "origins:execute_command",
      "command": "item replace entity @s armor.legs with netherite_leggings{display:{Name:'[{\"text\":\"Berserker Leggings\",\"italic\":false}]'},Enchantments:[{id:blast_protection,lvl:1},{id:binding_curse,lvl:1},{id:fire_protection,lvl:1},{id:projectile_protection,lvl:1},{id:protection,lvl:1},{id:unbreaking,lvl:10}],HideFlags:1} 1"
    },
    "entity_action_lost": {
      "type": "origins:execute_command",
      "command": "item replace entity @s armor.legs with minecraft:air"
    },
    "execute_chosen_when_orb": true
  },
  "chestplate": {
    "type": "origins:action_on_callback",
    "entity_action_gained": {
      "type": "origins:execute_command",
      "command": "item replace entity @s armor.chest with netherite_chestplate{display:{Name:'[{\"text\":\"Berserker Chestplate\",\"italic\":false}]'},Enchantments:[{id:blast_protection,lvl:1},{id:binding_curse,lvl:1},{id:fire_protection,lvl:1},{id:projectile_protection,lvl:1},{id:protection,lvl:1},{id:unbreaking,lvl:10}],HideFlags:1} 1"
    },
    "entity_action_lost": {
      "type": "origins:execute_command",
      "command": "item replace entity @s armor.chest with minecraft:air"
    },
    "execute_chosen_when_orb": true
  },
  "helmet": {
    "type": "origins:action_on_callback",
    "entity_action_gained": {
      "type": "origins:execute_command",
      "command": "item replace entity @s armor.head with netherite_helmet{display:{Name:'[{\"text\":\"Berserker Helmet\",\"italic\":false}]'},Enchantments:[{id:blast_protection,lvl:1},{id:binding_curse,lvl:1},{id:fire_protection,lvl:1},{id:projectile_protection,lvl:1},{id:protection,lvl:1},{id:unbreaking,lvl:10}],HideFlags:1} 1"
  },
    "entity_action_lost": {
      "type": "origins:execute_command",
      "command": "item replace entity @s armor.head with minecraft:air"
    },
    "execute_chosen_when_orb": true
  },
  "bounded": {
  "type": "origins:keep_inventory",
  "slots": [
    39,
    38,
    37,
    36
  ]
},
  "name": "§6Berserker Armor",
  "description": "The armor of the berserkers is forever bounded to you."
}