{
  "name": "§2Mini Bombs",
  "description": "You are capable of throwing tnt at enemies to deal a high amount of damage and destroy terrain.",

  "type": "origins:multiple",
  "throwing": {
    "type": "origins:fire_projectile",
    "entity_type": "minecraft:tnt",
    "tag": "{Fuse:10}",
    "cooldown": 80,
    "hud_render": {
      "should_render": false
    },
    "key": {
      "key": "key.attack"
    },
    "condition": {
      "type": "origins:equipped_item",
      "equipment_slot": "mainhand",
      "item_condition": {
        "type": "origins:ingredient",
        "ingredient": {
          "item": "minecraft:tnt"
        }
      }
    }
  },
  "tnt_consume": {
    "type": "origins:active_self",
    "key": {
      "key": "key.attack"
    },
    "condition": {
      "type": "origins:equipped_item",
      "equipment_slot": "mainhand",
      "item_condition": {
        "type": "origins:ingredient",
        "ingredient": {
          "item": "minecraft:tnt"
        }
      }
    },
    "entity_action": {
      "type": "origins:and",
      "actions": [
        {
          "type": "origins:equipped_item_action",
          "equipment_slot": "mainhand",
          "action": {
            "type": "origins:consume",
            "amount": 1
          }
        },
        {
          "type": "origins:execute_command",
          "command": "tag @e[type=minecraft:tnt,limit=1,sort=nearest] add throw",
          "permission_level": 4
        }
      ]
    },
    "cooldown": 80,
    "hud_render": {
      "should_render": true,
      "sprite_location": "origins:textures/gui/community/huang/resource_bar_02.png",
      "bar_index": 2
    }
  }
}
