{
    "type": "origins:item_on_item",
    "on_item_condition": {
        "type": "origins:ingredient",
        "ingredient": {
            "item": "minecraft:netherite_sword"
        }
    },
    "using_item_condition": {
        "type": "origins:and",
        "conditions": [
            {
                "type": "origins:ingredient",
                "ingredient": {
                    "item": "minecraft:iron_block"
                }
            },
            {
                "type": "origins:amount",
                "comparison": ">=",
                "compare_to": 4
            }
        ]
    },
    "result_from_on_stack": 1,
    "result_item_action": {
        "type": "origins:merge_nbt",
        "nbt": "{CustomModelData:1,display:{Name:'[{\"text\":\"Dragon Slayer\",\"italic\":false,\"color\":\"gray\"}]',Lore:['[{\"text\":\"Too big to be called a sword. Massive, thick, heavy and far too rough.\",\"italic\":false,\"color\":\"gold\"}]']},Enchantments:[{id:vanishing_curse,lvl:1},{id:knockback,lvl:1},{id:looting,lvl:3},{id:mending,lvl:1},{id:sharpness,lvl:4},{id:sweeping,lvl:5},{id:unbreaking,lvl:10}],HideFlags:1}"
    },
    "using_item_action": {
        "type": "origins:consume",
        "amount": 4
    },
    "hidden": true
}