{
  "type": "origins:modify_damage_taken",
  "bientity_condition": {
    "type": "origins:actor_condition",
    "condition": {
      "type": "origins:equipped_item",
      "equipment_slot": "mainhand",
      "item_condition": {
        "type": "origins:and",
        "conditions": [
          {
            "type": "origins:enchantment",
            "enchantment": "minecraft:smite",
            "comparison": ">=",
            "compare_to": 1
          },
          {
            "type": "origins:enchantment",
            "enchantment": "minecraft:fire_aspect",
            "comparison": ">=",
            "compare_to": 1
          }
        ]
      }
    }
  },
  "modifier": {
    "name": "Weak to holy fire",
    "operation": "addition",
    "value": 5
  },
  "name": "§cCaged Beast",
  "description": "The beast within makes you weak to holy fire."
}