{
  "type": "origins:conditioned_attribute",
  "modifier": {
    "attribute": "minecraft:generic.armor_toughness",
    "operation": "addition",
    "value": 20,
    "name": "Increased defence"
  },
  "tick_rate": 20,
  "condition": {
    "type": "origins:relative_health",
    "comparison": "<=",
    "compare_to": 0.4
  },
  "name": "§2Defy Fate",
  "description": "Through many battles whenever you are on the verge of death, your will to survive strengthens and you take less damage."
}