{
  "type": "origins:multiple",
  "sword": {
    "type": "origins:starting_equipment",
    "recurrent": true,
    "stacks": [
      {
        "item": "minecraft:netherite_sword",
        "tag": "{CustomModelData:1,display:{Name:'[{\"text\":\"Dragon Slayer\",\"italic\":false,\"color\":\"gray\"}]',Lore:['[{\"text\":\"Too big to be called a sword. Massive, thick, heavy and far too rough.\",\"italic\":false,\"color\":\"gold\"}]']},Enchantments:[{id:vanishing_curse,lvl:1},{id:knockback,lvl:1},{id:looting,lvl:3},{id:mending,lvl:1},{id:sharpness,lvl:4},{id:sweeping,lvl:5},{id:unbreaking,lvl:10}],HideFlags:1}",
        "amount": 1
      }
    ]
  },
  "name": "§2Dragon Slayer",
  "description": "Having been made with the \"ultimate steel\",this enormous sword can cleave through humans and demonkind with ease.",
  "badges": [
    {
      "type": "origins:tooltip",
      "sprite": "origins:textures/gui/badge/info.png",
      "text": "To combat mods that affect player inventory, you can craft the DragonSlayer by right clicking 4 iron blocks on a netherite sword."
    },
    {
      "type": "origins:tooltip",
      "sprite": "origins:textures/gui/badge/info.png",
      "text": "§cIf your gameplay does not have such mods, please ignore the ability to craft the Dragonslayer."
    }
  ]
}