{
  "type": "origins:conditioned_attribute",
  "modifiers":
  {
    "attribute": "minecraft:generic.attack_damage",
    "operation": "multiply_total",
    "value": -1
  },
  "condition": {
    "type": "origins:or",
    "conditions": [
      {
        "type": "origins:equipped_item",
        "equipment_slot": "mainhand",
        "item_condition": {
          "type": "origins:ingredient",
          "ingredient": {
            "item": "minecraft:wooden_sword"
          }
        }
      },
      {
        "type": "origins:equipped_item",
        "equipment_slot": "mainhand",
        "item_condition": {
          "type": "origins:ingredient",
          "ingredient": {
            "item": "minecraft:stone_sword"
          }
        }
      },
      {
        "type": "origins:equipped_item",
        "equipment_slot": "mainhand",
        "item_condition": {
          "type": "origins:ingredient",
          "ingredient": {
            "item": "minecraft:iron_sword"
          }
        }
      },
      {
        "type": "origins:equipped_item",
        "equipment_slot": "mainhand",
        "item_condition": {
          "type": "origins:ingredient",
          "ingredient": {
            "item": "minecraft:golden_sword"
          }
        }
      }
    ]
  },
  "name": "Inferior Equipment",
  "description": "Dragon Slayer, diamond swords, swords of the same material as Dragon Slayer, and armor similar to the berserker armor are the only equipment that can handle your strength.",
  "hidden": true
}