{
    "type": "origins:multiple",

    "will_power": {
      "type": "origins:modify_damage_taken",
      "modifier": {
        "operation": "addition",
        "value": -1
    }
  },
    "speed": {
    "type": "origins:attribute",
    "modifier": {
      "attribute": "minecraft:generic.movement_speed",
      "value": 0.3,
      "operation": "multiply_base"
    }
  },
  "jump": {
  "type": "origins:modify_jump",
    "modifier": {
      "operation": "addition",
      "value": 0.2
  }
},
  "health": {
    "type": "origins:attribute",
    "modifier": {
      "name": "Max health",
      "attribute": "minecraft:generic.max_health",
      "value": 20,
      "operation": "addition"
    }
  },
  "name": "§2Peak-Human",
  "description": "Through two decades of battle, your body has honed itself to its natural limit."
}