{
    "type": "origins:active_self",
    "entity_action": {
        "type": "origins:and",
        "actions": [
            {
                "type": "origins:play_sound",
                "sound": "minecraft:entity.warden.roar"
            },
            {
                "type": "origins:area_of_effect",
                "radius": 30,
                "bientity_action": {
                    "type": "origins:target_action",
                    "action": {
                        "type": "origins:apply_effect",
                        "effects": [
                            {
                                "effect": "minecraft:weakness",
                                "amplifier": 2,
                                "duration": 300,
                                "is_ambient": false,
                                "show_particles": false,
                                "show_icon": true
                            },
                            {
                                "effect": "minecraft:slowness",
                                "amplifier": 3,
                                "duration": 50,
                                "is_ambient": false,
                                "show_particles": false,
                                "show_icon": true
                            },
                            {
                                "effect": "minecraft:darkness",
                                "duration": 100,
                                "is_ambient": false,
                                "show_particles": false,
                                "show_icon": true
                            },
                            {
                                "effect": "minecraft:blindness",
                                "duration": 100,
                                "is_ambient": false,
                                "show_particles": false,
                                "show_icon": true
                            }
                        ],
                        "bientity_condition": {
                            "type": "origins:distance",
                            "comparison": "<=",
                            "compare_to": 30
                        }
                    }
                }
            }
        ]
    },
    "cooldown": 1200,
    "key": {
        "key": "key.origins.primary_active"
    },
    "hud_render": {
        "should_render": true,
        "sprite_location": "origins:textures/gui/community/huang/resource_bar_02.png",
        "bar_index": 7
    },
    "name": "§2Murderous Roar",
    "description": "Every minute you can greatly weaken and scare anything around you. Show them a glimpse of the beast you contain."
}