{
  "type": "origins:conditioned_attribute",
  "modifiers":
  {
    "attribute": "minecraft:generic.attack_damage",
    "operation": "multiply_total",
    "value": -1
  },
  "condition": {
    "type": "origins:or",
    "conditions": [
      {
        "type": "origins:equipped_item",
        "equipment_slot": "mainhand",
        "item_condition": {
          "type": "origins:ingredient",
          "ingredient": {
            "item": "minecraft:wooden_axe"
          }
        }
      },
      {
        "type": "origins:equipped_item",
        "equipment_slot": "mainhand",
        "item_condition": {
          "type": "origins:ingredient",
          "ingredient": {
            "item": "minecraft:stone_axe"
          }
        }
      },
      {
        "type": "origins:equipped_item",
        "equipment_slot": "mainhand",
        "item_condition": {
          "type": "origins:ingredient",
          "ingredient": {
            "item": "minecraft:iron_axe"
          }
        }
      },
      {
        "type": "origins:equipped_item",
        "equipment_slot": "mainhand",
        "item_condition": {
          "type": "origins:ingredient",
          "ingredient": {
            "item": "minecraft:golden_axe"
          }
        }
      },
      {
        "type": "origins:equipped_item",
        "equipment_slot": "mainhand",
        "item_condition": {
          "type": "origins:ingredient",
          "ingredient": {
            "item": "minecraft:diamond_axe"
          }
        }
      },
      {
        "type": "origins:equipped_item",
        "equipment_slot": "mainhand",
        "item_condition": {
          "type": "origins:ingredient",
          "ingredient": {
            "item": "minecraft:netherite_axe"
          }
        }
      },
      {
        "type": "origins:equipped_item",
        "equipment_slot": "mainhand",
        "item_condition": {
          "type": "origins:ingredient",
          "ingredient": {
            "item": "minecraft:trident"
          }
        }
      }
    ]
  },
  "name": "§cInferior Equipment",
  "description": "Dragon Slayer, swords of the same material, and armor similar to the berserker armor are the only equipment that can handle your strength (this includes elytras)."
}