{
    "type": "origins:multiple",
    "modify.damage": {
        "type": "origins:modify_damage_taken",
        "damage_condition": {
            "type": "origins:attacker",
            "entity_condition": {
                "type": "origins:command",
                "command": "function redwood:mahoraga/adapted.test",
                "comparison": "==",
                "compare_to": 1
            }
        },
        "modifier": {
            "name": "Immune to adapted items",
            "operation": "set_total",
            "value": 0
        }
    },
    "adapt.attack": {
        "type": "origins:attacker_action_when_hit",
        "entity_action": {
            "type": "origins:execute_command",
            "command": "function redwood:mahoraga/delay/decrease.time.add"
        },
        "damage_condition": {
            "type": "origins:attacker",
            "entity_condition": {
                "type": "origins:command",
                "command": "function redwood:mahoraga/adapted.test",
                "comparison": "==",
                "compare_to": 0
            }
        },
        "cooldown": 0
    },
    "adapt.delay.decrease": {
        "type": "origins:action_over_time",
        "entity_action": {
            "type": "origins:execute_command",
            "command": "execute as @p run function redwood:mahoraga/delay/decrease.time.generic.start"
        },
        "interval": 20,
        "condition": {
            "type": "origins:command",
            "command": "execute if data storage redwood:mahoraga delayed_weapons.[{}]",
            "comparison": ">=",
            "compare_to": 1
        }
    },
    "add_tag": {
        "type": "origins:action_on_callback",
        "entity_action_added": {
            "type": "origins:delay",
            "ticks": 3,
            "action": {
                "type": "origins:execute_command",
                "command": "tag @s add mahoraga"
            }
        },
        "entity_action_lost": {
            "type": "origins:execute_command",
            "command": "tag @s remove mahoraga"
        }
    },
    "initial_wheel": {
        "type": "origins:action_on_callback",
        "entity_action_added": {
            "type": "origins:delay",
            "ticks": 3,
            "action": {
                "type": "origins:execute_command",
                "command": "item replace entity @s armor.head with minecraft:glistering_melon_slice{Enchantments:[{id:\"minecraft:binding_curse\",lvl:1s}],CustomModelData:21200000}"
            }
        },
        "entity_action_lost": {
            "type": "origins:execute_command",
            "command": "item replace entity @s armor.head with air"
        }
    },
    "keep_wheel": {
        "type": "origins:keep_inventory",
        "slots": [39]
    },
    "load": {
        "type": "origins:action_on_callback",
        "entity_action_chosen": {
            "type": "origins:execute_command",
            "command": "function redwood:mahoraga/load"
        },
        "entity_action_respawned": {
            "type": "origins:execute_command",
            "command": "function redwood:mahoraga/load"
        },
        "execute_chosen_when_orb": true
    },    
    "name": "Adaptability",
    "description": "Once hit by an attack, you cannot be damaged by that weapon again."
}