{
    "name": "Beastly",
    "description": "Iron Golems automatically attack you.",
    "type": "origins:multiple",
    "iron_golem_auto_mad": {
        "type": "origins:action_over_time",
        "interval": 10,
        "entity_action": {
            "type": "origins:and",
            "actions": [
                {
                    "type": "origins:execute_command",
                    "command": "execute at @s as @e[type=minecraft:iron_golem,distance=..20] run data modify entity @s AngryAt set from entity @p UUID",
                    "permission_level": 2
                },
                {
                    "type": "origins:execute_command",
                    "command": "execute at @s as @e[type=minecraft:iron_golem,distance=..20] run data modify entity @s AngerTime set value 60",
                    "permission_level": 2
                }
            ]
        }
    },
    "iron_golem_remove_anger": {
        "type": "origins:action_over_time",
        "interval": 10,
        "entity_action": {
            "type": "origins:and",
            "actions": [
                {
                    "type": "origins:execute_command",
                    "command": "execute at @s as @e[type=minecraft:iron_golem,distance=20..30] run data modify entity @s AngryAt set from entity @s UUID",
                    "permission_level": 2
                },
                {
                    "type": "origins:execute_command",
                    "command": "execute at @s as @e[type=minecraft:iron_golem,distance=20..30] run data modify entity @s AngerTime set value 0",
                    "permission_level": 2
                }
            ]
        }
    }
}