{
    "type": "origins:multiple",
    "armor_restriction": {
        "type": "origins:restrict_armor",
        "head": {
            "type": "origins:ingredient",
            "ingredient": {
                "item": "minecraft:glistering_melon_slice"
            }
        },
        "chest": {
            "type": "origins:armor_value",
            "comparison": ">",
            "compare_to": -1
        }
    },
    "name": "Ill Fitting",
    "description": "You cannot wear armor on your head or chest due to your unique physique"
}