{
    "name": "End Traveling",
    "description": "Travelling to the end is no problem for the son of God",
    "type": "origins:active_self",
    "key": "key.loadToolbarActivator",
    "cooldown": 60,
    "hud_render": {
        "sprite_location": "origins:textures/gui/community/spiderkolo/resource_bar_02.png",
        "should_render": true,
        "bar_index": 24
    },
    "entity_action": {
        "type": "origins:if_else",
        "condition": {
            "type": "origins:dimension",
            "dimension": "minecraft:overworld"
        },
        "if_action": {
            "type": "origins:execute_command",
            "command": "execute in minecraft:the_end run tp @s ~ ~ ~"
        },
        "else_action": {
            "type": "origins:execute_command",
            "command": "execute in minecraft:overworld run tp @s ~ ~ ~"
        }
    }
}