{
    "name": "Heal",
    "description": "You have the ability to heal yourself and the people around you.",

    "type": "origins:active_self",
    "entity_action": {
        "type": "origins:and",
    "type" : "origins:and",
            "actions":[
                {
                    "type" : "origins:execute_command",
                    "command" : "effect give @e[distance=..10] regeneration 5 1"
                }
               
    ]       
 },
    "cooldown": 100,
    "hud_render": {
        "should_render": true
    },
    "key": {
        "key": "key.origins.primary_active",
        "continuous": false
    }
}