{
    "name": "Infinite Food",
    "description": "Create the food for the poor",
    "type": "origins:recipe",
    "recipe": {
        "id": "origins:infinite_food/food_crafting",
        "type": "minecraft:crafting_shapeless",
        "ingredients": [
            {
                "item": "minecraft:dirt"
            },
            {
                "item": "minecraft:dirt"
            }
        ],
        "result": {
            "item": "minecraft:cooked_beef"
        }
    }
}