{
  "type": "origins:active_self",
  "name": "Raise the dead",
  "description": "You are Jesus, of course you can raise the dead",
  "entity_action": {
    "type": "origins:and",
	"actions": [
	{
                    "type" : "origins:execute_command",
                    "command" : "execute as @a at @s if entity @e[type= minecraft:zombie, distance=..15, limit= 1, sort= nearest] run summon minecraft:villager ~ ~ ~"
                },
{
                    "type" : "origins:execute_command",
                    "command" : "kill @e[type= minecraft:zombie, distance=..15, limit= 1, sort= nearest]"
                }
	
]
  },  
   "cooldown": 200,
  "hud_render": {
    "should_render": true,
    "bar_index": 2
  },
    "key": {
      "key": "key.origins.secondary_active",
      "continuous": false
  }
}
