{
  "powers": [
    "black:advancement_grant",
    "black:dragonslayer",
    "black:craft_slayer",
    "black:roar",
    "black:peak_human",
    "black:armbow",
    "black:death_defiance",
    "black:death_defiance2",
    "black:tall",
    "black:two_handed",
    "black:night_terrors",
    "black:dark_beast",
    "black:pained_body",
    "black:prevent_flight",
    "black:weak_equipment",
    "black:weak_equipment2",
    "black:other_swords",
    "black:frightening_aura",
    "black:armor_donning"
  ],
  "icon": "minecraft:netherite_sword",
  "order": 666,
  "impact": 3,
  "name": "Black Swordsman",
  "description": "A former mercenary and branded wanderer, you are only driven by your will to never die.",
  "upgrades": [
    {
      "condition": "minecraft:nether/all_potions",
      "origin": "black:falcon",
      "announcement": "The beast within grows stronger now that you have donned the berserker armor."
    }
  ]
}