{
  "powers": [
    "black:advancement_grant",
    "black:dragonslayer",
    "black:craft_slayer",
    "black:roar",
    "black:peak_human",
    "black:armbow",
    "black:death_defiance",
    "black:death_defiance2",
    "black:bombs",
    "black:tall",
    "black:berserker_armor",
    "black:two_handed",
    "black:night_terrors",
    "black:darker_beast",
    "black:pained_body",
    "black:prevent_flight",
    "black:weak_equipment",
    "black:weak_equipment2",
    "black:other_swords",
    "black:frightening_aura"
  ],
  "icon": "minecraft:netherite_chestplate",
  "order": 666,
  "impact": 3,
  "name": "Berserker Armor",
  "description": "Forged by a blacksmith, its imbued it with an ominous od that aligns with its wearer.",
  "unchoosable": true
}